count,mean,std,min,p1,p5,p25,median,p75,p95,p99,max,skew,kurtosis
656700,0.5177486367445415,0.4117216668324223,-0.5372745273826768,0.0452296308357531,0.0839263076688176,0.2124585705787371,0.4009623095429029,0.7113387395077536,1.336005344021376,2.003606491685033,2.609379921202575,1.5249082463249808,2.7382466732607247
