lag,count,mean_ic,std_ic,icir_annualized,positive_ratio
1,2188,0.01753263316560949,0.22820811622673168,1.219596952587934,0.5187385740402194
5,2184,0.017559670725034903,0.2400242965669553,0.5193694861400986,0.5105311355311355
10,2179,0.021323743874823938,0.2487735273467279,0.4302883262474435,0.5351078476365305
20,2169,0.03141209173911199,0.2532245588777489,0.44032800382291953,0.5403411710465652
