count,mean,std,min,p1,p5,p25,median,p75,p95,p99,max,skew,kurtosis
656700,17.338378977267087,38.094462715836116,-140.627,-55.128,-27.6869,-1.032,11.1672,27.2371,82.9116,160.0161,670.3471668610624,2.7169834806661224,19.91972644807746
