lag,count,mean_ic,std_ic,icir_annualized,positive_ratio
1,2188,-0.001480471759279499,0.13428260090479321,-0.17501716849608712,0.49817184643510054
5,2184,0.0005250101207057742,0.14023852595490197,0.026577590486331418,0.5068681318681318
10,2179,0.001996338414738137,0.14668640410101622,0.0683194831020157,0.5318953648462598
20,2169,0.003398653416348449,0.15161380321909576,0.07957074226480085,0.545412632549562
