count,mean,std,min,p1,p5,p25,median,p75,p95,p99,max,skew,kurtosis
656700,7.522097079723609,7.708217096866999,-55.395795851506165,-9.5611,0.0396,2.6395,5.8757,10.9911,21.971,32.93436120566072,62.30457646314919,1.1043597891853931,4.8383245541415265
