lag,count,mean_ic,std_ic,icir_annualized,positive_ratio
1,2188,0.004266858450969646,0.16029326776332978,0.42256470898508547,0.5073126142595978
5,2184,0.015984358443470004,0.17481121773151917,0.6491441983669459,0.5325091575091575
10,2179,0.020190651766672552,0.1783047685161421,0.5684439530168334,0.5429095915557596
20,2169,0.021946341152064806,0.1773724603555769,0.43919886416117626,0.5417242969110189
