lag,count,mean_ic,std_ic,icir_annualized,positive_ratio
1,2188,0.035074290734084364,0.2013870211021324,2.7647616073719776,0.56672760511883
5,2184,0.022912440746212563,0.1862707219159802,0.8732568988997321,0.5334249084249084
10,2179,0.01286893139569722,0.18189182956436376,0.3551645120765344,0.5080312069756769
20,2169,0.010480555943860305,0.1768125665937621,0.21040519798880838,0.5029967727063163
