count,mean,std,min,p1,p5,p25,median,p75,p95,p99,max,skew,kurtosis
656700,0.012764501675074577,0.0075755515553175435,0.0,0.0,0.003943608914203145,0.0074815529945552,0.010976234516227899,0.0162866244261406,0.02721594079093196,0.03862516465407026,0.0508984729644755,1.311822343863373,2.1948646138902985
