lag,count,mean_ic,std_ic,icir_annualized,positive_ratio
1,2188,-0.01673962464983293,0.23382248757451596,-1.1364745364770024,0.45521023765996343
5,2184,-0.026654554247635784,0.23133946964129706,-0.8179692108215344,0.43315018315018317
10,2179,-0.03168415878529465,0.22822667823070142,-0.6969089504046019,0.4424047728315741
20,2169,-0.03543437324367856,0.2252456063647879,-0.5584106590764668,0.42323651452282157
