lag,count,mean_ic,std_ic,icir_annualized,positive_ratio
1,2188,0.004966215519147311,0.18298166003188243,0.43084223474168715,0.5159963436928702
5,2184,0.009940602472829652,0.19397660298793795,0.3638133450042601,0.5366300366300366
10,2179,0.012565528732453314,0.19518381818316174,0.323174606396219,0.5474988526847178
20,2169,0.017847875876217237,0.19791961053477233,0.32009801562541745,0.5744582757030889
