count,mean,std,min,p1,p5,p25,median,p75,p95,p99,max,skew,kurtosis
656700,8.786879583359708e-06,8.929670032935641e-06,0.0,0.0,8.782980441277181e-07,3.0471688154417415e-06,5.878093489709055e-06,1.1020148762421552e-05,2.7551850681504382e-05,4.3219738160535166e-05,7.750117289338462e-05,2.2560171753251748,6.56476080784725
