lag,count,mean_ic,std_ic,icir_annualized,positive_ratio
1,2188,-0.023739155221881785,0.2190425454680518,-1.720430181752622,0.4515539305301645
5,2184,-0.03834323199516122,0.21699360472113807,-1.254460673622835,0.43040293040293043
10,2179,-0.04722043168551161,0.216956754837661,-1.0925895620953299,0.4258834327673245
20,2169,-0.05959917136934548,0.22073235227317362,-0.9584280216195373,0.40387275242047027
