count,mean,std,min,p1,p5,p25,median,p75,p95,p99,max,skew,kurtosis
656700,0.0005405271267855833,0.058132041909654965,-0.537426561745067,-0.15161291277809094,-0.08591468824405903,-0.028250061701850626,0.0,0.026883425528360375,0.09537836269137255,0.16503255828175453,1.390448600649159,0.8482068464272311,17.527610908217813
