count,mean,std,min,p1,p5,p25,median,p75,p95,p99,max,skew,kurtosis
656700,0.015275739013940012,0.20916064020551767,-0.7454639530872714,-0.39929674928054826,-0.2690226016193045,-0.108084738434933,-0.0091696301706819,0.10192990246689448,0.3950730859654501,0.7206559626719993,1.5830212908150136,1.3149589468035205,4.423302476450093
