lag,count,mean_ic,std_ic,icir_annualized,positive_ratio
1,2188,-0.00493631271147975,0.21112777394482998,-0.3711569231521896,0.49588665447897623
5,2184,-0.003959033824573798,0.21088768542516306,-0.13327640211678607,0.51007326007326
10,2179,-0.000703281493875239,0.20779356139131205,-0.016990156270102315,0.5126204681046351
20,2169,0.00488618273815262,0.20222636547160205,0.08576640393937464,0.5089903181189488
