count,mean,std,min,p1,p5,p25,median,p75,p95,p99,max,skew,kurtosis
656700,5.6015141524377535e-08,9.783723102951307e-08,0.0,0.0,6.252292844212906e-09,1.9241711523014835e-08,3.701054408491031e-08,6.898870925122878e-08,1.6559645640270065e-07,3.001754354170736e-07,1.5567560889906008e-05,79.06628459404952,10801.716176346992
