lag,count,mean_ic,std_ic,icir_annualized,positive_ratio
1,2188,0.0021508371980213637,0.14964963612726634,0.22815613123357337,0.4936014625228519
5,2184,0.0032333445424672183,0.1556644271492776,0.14746123797038282,0.4876373626373626
10,2179,0.006019749446367257,0.15644688212727392,0.19315758791902782,0.5002294630564479
20,2169,0.00824640042883407,0.15551846689401705,0.18822084798565916,0.5076071922544951
