count,mean,std,min,p1,p5,p25,median,p75,p95,p99,max,skew,kurtosis
656700,0.022922746583691457,0.013032757069327381,0.0,0.0,0.00767975795719677,0.01413298192555085,0.02063079702316385,0.029305317368420174,0.04544343285999513,0.06236065277713368,0.2961796037197917,3.1897892774136394,43.001418129930386
