lag,count,mean_ic,std_ic,icir_annualized,positive_ratio
1,2188,-0.025838582272349656,0.2290826206216279,-1.7905102378595341,0.4424131627056673
5,2184,-0.037453268524613545,0.22108122856666126,-1.2026884028066098,0.4271978021978022
10,2179,-0.04324510794035803,0.2172375584086866,-0.9993148538922855,0.41808168884809543
20,2169,-0.051144266889459424,0.2209772300190822,-0.8215513336104004,0.42000922083909636
