count,mean,std,min,p1,p5,p25,median,p75,p95,p99,max,skew,kurtosis
656700,31.42643282642884,266.7563652570871,-11702.334857175594,-354.8697,-84.969,-12.987,10.7876,37.7312,223.1387,901.6771,6903.571480251863,0.2829018680608606,312.1376793872741
