lag,count,mean_ic,std_ic,icir_annualized,positive_ratio
1,2188,0.0024620845414349748,0.12441850669311681,0.3141363890271071,0.5022851919561243
5,2184,0.002032706160017674,0.12874541333307063,0.11208773818281204,0.5128205128205128
10,2179,0.0003520756614381092,0.1337249387035944,0.013216725396018878,0.510325837540156
20,2169,-0.0012360306966337506,0.1348393188248116,-0.03253853377209399,0.5228215767634855
