count,mean,std,min,p1,p5,p25,median,p75,p95,p99,max,skew,kurtosis
656700,-0.06344041359713215,0.06445178760359116,-0.662844996401493,-0.2938332509332627,-0.18658725067915619,-0.09125360971220363,-0.0464832280826748,-0.01601540206821675,0.0,0.0,0.0,-1.8864339553052742,5.667997158507374
