lag,count,mean_ic,std_ic,icir_annualized,positive_ratio
1,2188,-0.013273923365285078,0.22061459816280427,-0.9551362540594124,0.4835466179159049
5,2184,0.003935942992751846,0.2088944498875874,0.13376335912830062,0.5265567765567766
10,2179,0.014983725663320657,0.2039770909006156,0.3687556555209799,0.5580541532813217
20,2169,0.01216287703133328,0.19512860276018282,0.221258851521118,0.5587828492392808
