count,mean,std,min,p1,p5,p25,median,p75,p95,p99,max,skew,kurtosis
656700,0.053216192996587884,0.05607480067617137,-0.4624992061902836,-0.0906930764905407,0.0015696695603498274,0.0204228760719457,0.0392719761082925,0.0733428190045912,0.16697849901578574,0.2364457475232307,0.4634564582657459,0.7939926402329441,4.093558438383146
