lag,count,mean_ic,std_ic,icir_annualized,positive_ratio
1,2188,0.016747710327570626,0.2037314011137353,1.30496162047489,0.5210237659963437
5,2184,0.025804001532390396,0.2081379441822684,0.880138596863406,0.532967032967033
10,2179,0.032268244083287496,0.20825543921262665,0.7778202591875776,0.552088113813676
20,2169,0.04124870061625862,0.2122086135488923,0.6899737000696787,0.5698478561549101
