count,mean,std,min,p1,p5,p25,median,p75,p95,p99,max,skew,kurtosis
656700,0.0024844633329858903,0.1158645091041262,-0.6578100347112654,-0.27702825118707247,-0.16796323056381468,-0.0608003480981702,-0.0028523919790804,0.0566037735849056,0.1965525866340679,0.349070535612939,1.384322011454491,0.8419513004682566,5.915046926915187
