lag,count,mean_ic,std_ic,icir_annualized,positive_ratio
1,2188,-0.019949186631461273,0.21599258808728997,-1.4661777189372007,0.4657221206581353
5,2184,-0.019493432654271947,0.20540021711694706,-0.6737560716218172,0.4661172161172161
10,2179,-0.018667473980314295,0.20115354614431166,-0.46586290647311823,0.4731528223955943
20,2169,-0.029819449349617753,0.1952372877072636,-0.5421533258696463,0.45873674504379897
